lactation_number,avgtotalmotion,parity,avgrumination,dayhour,avgactivity,avghoursstanding,is_pregnant
3,160.25267927331478,1,40.520855203130154,26,85.09585789062136,8.30174374255094,0
4,206.28512517647658,3,32.24167913430062,20,84.23003937525283,8.760613684803088,0
1,178.5127151455815,1,44.698557304791485,64,82.3957659302315,6.144157401096706,0
3,132.6928903301279,3,39.322942157813145,10,74.50637453782731,6.818650876230296,0
3,123.04755985954927,1,29.754787133808257,83,76.24718250189255,6.853320321568109,0
4,164.75757514519518,3,47.409249972894685,67,63.950597651111266,7.447020488826494,0
1,110.39300378938074,1,47.65886298059333,24,46.8493581606473,10.717165739235657,0
1,204.94376297563062,1,62.69116700263287,5,96.56105913923075,7.2916424889285985,0
3,185.38320362163861,3,41.38236931163186,67,82.35887655177947,5.712881080469,0
2,135.92473043685885,1,47.801213889694495,58,80.09317033432679,9.083291375701185,0
3,98.60596412727367,1,38.34514585309785,27,85.97673684286819,10.693286862868963,0
3,190.6161712249624,1,53.731694306934656,80,67.57403817809526,5.477576296295382,1
3,146.56380464242147,3,43.753822038098704,15,64.9840667992335,11.94562150943618,0
3,187.13448935920385,3,33.27408391147257,35,75.7447295948277,8.830353204646144,0
4,102.16717023616899,1,44.86528178334842,76,100.5214772264572,10.067781578136781,0
1,132.0187493113868,1,48.90522897565001,53,62.4688845726031,10.93414327008663,0
4,150.1573109915455,3,47.552733874135626,44,40.59401964787751,9.945235285415485,0
4,151.40941781294225,3,55.45896715495869,26,72.1789836227187,7.778928805984636,0
4,136.4980358556227,1,30.519436279593105,47,97.14049874352774,10.43539628838283,0
3,168.68549797042496,1,36.572574099850584,34,54.01183963468469,8.50919953974184,0
2,117.97138711852216,1,51.39787331795537,87,62.29574594265692,10.18096944981528,1
1,145.7286154493612,2,37.74731022038929,50,83.95320110867253,10.399750967561367,0
2,153.60886895135695,3,47.40471249330207,84,118.54860553213003,5.818206820054463,0
4,165.43316502176248,2,20.802547525882375,12,59.626824972107066,9.588602263954012,0
4,171.3484463426667,3,72.15946572312882,87,59.04598862798061,7.636216162973257,1
2,116.26073724486392,3,42.302814684426636,4,85.08047553258778,8.27638127356803,0
2,103.97657487793134,3,56.93956259988278,87,98.07011659990556,8.254185497685596,1
2,188.33030465695526,3,41.63102174416509,48,70.63851931511435,8.173940435150715,0
4,159.96942035938775,3,49.146985287308866,55,55.67908765816746,11.047050624458079,0
4,127.5454039033034,3,59.91919646345272,1,86.50623831329519,5.267104746211873,0
1,196.53455926567568,3,56.65806019208385,89,89.2226209595446,4.555313286260429,0
1,153.47023902878576,2,42.955450203147755,66,106.67982689807373,4.133419856668853,0
4,185.3789155219148,1,43.64745674606308,30,89.85420668486418,10.138288527871827,0
2,152.02555444230327,1,55.035665601832854,3,92.42099114558569,6.45312501626468,0
2,211.82243774645963,2,68.33244404285301,21,76.06782284198141,8.264372939029773,0
1,202.66022527329613,2,46.92282674399041,89,116.62256513254202,7.7705657517508415,0
4,142.5310755456278,2,64.57063640541641,84,74.02786984117294,6.22724971872004,0
1,179.14712852863067,2,42.58585589579794,49,70.82116817882344,9.702954475111397,0
1,169.36127848755442,3,54.51960363509802,86,107.1427237777791,7.745074063565231,0
3,191.05894672597046,1,56.011557622472864,85,57.88644081656885,7.52452984592323,1
3,121.05229618259686,3,40.900394961472266,62,52.28887423208128,8.465742615480503,1
3,170.58154379995318,1,37.52921920698358,38,81.79335386897728,9.441544169676433,0
2,181.75273460548763,1,56.453891885473524,15,79.97395215086456,6.082047512931105,0
4,97.23781540730657,2,39.684430627569434,52,76.58168027674007,9.745836694666574,0
4,114.50224462002674,3,36.05650087324597,79,94.90894635682477,10.8997070395467,1
4,88.82303466719699,2,38.16040498200903,46,66.37690726567145,5.147755262477648,0
4,141.91779496666328,3,39.643866615745885,25,80.96250688437011,8.556597958255663,0
3,171.52626767387886,1,53.56617104625678,21,74.5984107104272,7.390155575285346,0
2,195.07071156288083,2,50.15042673276188,88,66.63172249839874,9.39846116144028,1
2,152.22284341259325,2,52.15658244757891,5,79.07239874058975,5.566681574946298,0
3,198.85846636713876,1,49.213798110980825,70,92.78893704942654,11.257876451287151,0
2,108.59695625355326,1,39.06159837753361,47,111.80852180645752,4.7842103871418615,0
3,98.89852681934536,1,51.971028559082725,87,88.69128474348454,7.511438120446932,0
4,148.33356903310144,2,56.82453826605304,68,42.33747497897823,8.86859215199072,1
3,161.52196346817922,3,50.84503216119309,18,79.42789871837526,6.62732630613035,0
4,149.0191575571772,2,49.496559066258506,21,80.74704186354249,6.313196903085925,0
4,87.9767369988037,3,37.32945493429324,86,94.04313514369925,8.444471273261048,1
1,147.32639881461634,2,47.11817078974478,23,82.77215453734608,8.15551983998216,0
3,110.86591498485441,2,36.797586705512984,64,98.79633375953115,8.0118763388303,0
1,170.09017646490116,1,44.75972141919396,67,85.87505923422907,9.717377022931252,0
3,160.99794738290544,3,28.59733360774684,40,103.38197104246834,7.211054613143958,0
3,121.80360641017934,2,28.674415970079068,10,73.4188111992756,8.63918529959001,0
1,134.5839924798992,2,43.0895231005297,89,82.16515200945041,6.986794383448371,0
1,118.22359434333146,1,39.5156032817301,52,92.39962303084845,6.301341028341184,0
3,148.11962708180485,1,46.06787193474173,72,71.41708894559835,7.430482743019963,0
2,178.65426961503715,3,43.65231420884881,75,68.14980796878386,7.002469625612736,0
4,120.42821860993368,2,45.30190787210155,61,70.55971850469973,7.102392397674437,0
1,165.12139546553533,3,51.0860744235674,64,68.76176574366616,10.330654835604323,1
4,134.09227144882678,2,40.36731044339167,5,87.83842881312991,7.4917930919288915,0
2,126.21381503212967,3,42.80556188355137,53,52.477879555481664,6.67418665544027,1
2,146.78908920136325,1,59.55021222763164,55,56.66044960523139,8.056157548095982,1
2,118.94273032741879,2,45.03084126825027,37,107.94119738535893,8.208455878256816,0
1,133.39052083958455,3,43.20789525374611,56,69.12354918538733,5.626237540811857,0
2,114.06366322233455,1,45.82512699323189,59,83.00022276757622,7.403187456152313,0
1,208.94175398749167,1,43.386356269904695,69,57.66280373151308,7.322631351802806,0
2,151.05790655915186,3,37.90427707046776,73,81.41186401683915,7.655711452583053,0
4,129.00823476022242,2,35.019701628202796,59,69.21489998477894,9.45105674607597,0
4,156.41939732202667,2,37.36568659849995,2,56.553657527593785,8.273343742325766,0
3,146.6301585092751,1,53.72919186770787,65,100.0538065634707,10.45587469477066,0
4,143.37091201400332,2,38.700947452815875,60,97.73848590591307,7.976679288222369,0
3,168.42500100130275,2,43.450753981637234,51,78.38967813928976,11.552174560760129,0
4,172.72523130141914,2,52.00736285132898,30,94.99128549016866,7.078449972536694,0
1,134.08496557168417,1,42.216088291890216,11,108.5493903159074,6.460875237669752,0
4,132.7254527806596,3,51.33361314843653,76,91.31113899737134,9.094605349553948,0
3,141.7484490854507,2,29.592069575691333,39,87.19519609264945,10.728163874930035,0
3,80.94236505793245,1,43.674833204581034,77,82.98424544724965,5.242393390829547,0
2,104.54426813404343,1,45.78896096598508,72,89.7424604728886,7.60601870357137,0
1,191.00622802333572,3,45.23138723098168,63,74.54120909765545,6.778436109828259,0
4,199.34903140503852,2,28.47081302161116,64,75.8504619625783,8.28570202598416,0
2,142.52891881330865,2,57.031126464308045,61,86.76337062818773,8.020035846998809,0
4,167.296708891673,3,36.453270550285836,54,72.89202694760706,10.690762495255441,0
4,159.33750463630608,3,48.350371252624676,73,74.51300490809746,7.783190414250433,0
2,242.36642425365713,1,45.079642826473304,58,80.0027999695246,10.749568197940459,0
2,183.5872473430373,1,55.03709523810677,85,97.25911325889604,7.369799327962628,0
2,146.162472255577,3,66.87488829374206,56,63.01004369660529,9.852963750210433,1
2,121.33378678198723,2,32.09635515457164,34,91.38767754057892,8.457326056273438,0
2,101.80661039227283,1,38.51086118727501,31,91.87694619205206,11.45977079736689,0
4,156.1039090760167,1,46.89092493839052,52,91.78718013945213,5.045970274371143,0
2,127.30947764147089,2,33.94646682447208,89,67.89880429685766,5.672284564480351,0
1,107.33238871206977,1,52.8218260795576,76,54.60977576733595,11.663244569316774,1
3,130.6028134727242,2,53.43372622157059,1,88.39550708617134,6.533469813027292,0
2,117.55355989156814,2,50.594490759950375,55,82.81308176620944,6.660393283848277,0
2,200.61424905217694,2,47.36581750876197,22,95.06564952144699,6.248552829000292,0
4,176.4491927084835,3,58.69708777969781,40,69.49194757985693,10.296891913067448,0
2,149.76082076050147,3,33.44374518331138,1,91.40177564384541,5.493084773549751,0
2,194.39832416670077,3,45.652681953425535,65,95.81618168329118,8.044900824555322,0
2,152.32104922942855,2,37.61197131269778,63,78.57035418425974,7.4687563564389245,0
4,124.1614739601521,2,53.899163325651685,54,86.25394254897225,10.07303116700887,0
2,195.69372231808973,3,26.666588354935673,42,85.72949686286142,6.872634675336711,0
3,166.16730131053976,1,44.7191613440702,21,67.67795706455524,8.830545158226547,0
4,118.88261537020631,2,48.35238687069948,79,87.96644903426912,5.657567653245461,0
3,144.28983965749177,1,35.52507865026226,81,104.33747511351521,12.547882077354402,0
4,123.7314523984573,1,38.738099677784334,22,80.33305901813955,7.520815350692582,0
2,108.51600807106992,2,45.153789813721055,38,58.08612592022514,8.017526969770735,0
3,177.78532642594925,2,54.55096379441476,80,69.69160203628985,11.309508717701084,1
4,207.28249921410392,1,34.67130771412946,8,53.308558267225585,6.826654451389581,0
1,108.04297278542576,1,36.41550059625314,62,99.35391693569096,11.334764685877232,0
2,166.88907710071712,3,56.25587771040344,47,91.46157944492143,7.177057651724079,0
4,130.48072292634518,3,42.27024600080165,17,72.47946092498272,9.34339636764252,0
1,135.38623848705913,2,37.22460960155023,17,58.72910117046595,6.854636719681403,0
4,132.22818227283392,3,52.286847972169156,13,67.50057562636265,5.287927109710531,0
1,124.08027690960552,3,40.118030027677534,17,70.42584551454279,8.829188701081232,0
2,151.4556488383448,3,55.27421535338774,38,81.64111398530088,9.279806801967066,0
3,125.07149650766887,3,38.362796230202875,81,81.1363901479757,5.368228515347523,1
1,158.11370477339517,1,43.40405438175004,78,100.12147963060553,7.385883362182576,0
4,148.4928567165259,2,54.449716653887315,45,69.60867713452936,10.401517923073813,1
2,142.8315585940077,3,42.73739128826249,6,57.377182184691065,9.200237901593221,0
1,122.77309013875207,1,52.56053322078647,35,62.64532287286562,7.209569996431899,0
4,132.69686008295002,1,44.34452393218995,14,79.65462718330248,6.804948596731089,0
4,172.6617367747727,1,64.81691806400029,72,69.06982899581314,11.896488650269553,1
4,165.0275156287314,3,60.68778604102849,61,75.61987181730461,5.106135860394284,0
1,120.67334265604347,3,31.71903737566252,15,73.18949629520834,7.8816028511827945,0
1,152.97996916287678,2,50.2224368124801,54,94.85357680557775,5.070606252612111,0
1,172.54161370115366,3,36.835960138989584,27,71.19551469361517,10.629629289688562,0
3,99.91784156635885,3,46.9150693879273,13,74.33986884578285,7.985752775583326,0
1,166.30080577139805,1,45.68370629310261,31,90.75925371738164,8.356348169538869,0
1,130.1212872316246,2,34.446129829075126,35,71.52527133451886,13.537784619255218,0
1,167.1179600577948,3,55.58484543530325,60,86.34818561685526,6.813054648527213,0
3,127.1022253037245,3,47.03302943569075,6,84.97227893032638,11.497151828117067,0
1,95.85353698006443,1,42.15316964327417,69,82.12648788441619,7.218536171183623,0
4,101.17372686350512,1,40.61890175756405,86,62.984054259402654,7.532975084830203,0
1,151.44254839984146,3,46.397769697662355,58,98.44661336782906,13.276350513241198,0
4,157.79167505164446,2,49.07925017514285,49,113.31025694874671,7.677819245476654,0
4,122.87050124686775,2,43.75024213641734,23,80.13242207401092,5.251257191409504,0
4,169.15777376332122,1,16.674804292237916,89,64.30467689944437,8.563837576252624,0
3,100.1543981319312,1,45.16890716242484,34,80.43654062487533,7.654526349665992,0
3,148.0176060405805,3,30.585179383902226,26,94.84790210878998,8.73419168346772,0
3,113.66951400712631,1,42.90547434350924,47,70.7721848642659,7.732804413344461,0
1,130.44491676593523,3,30.954357429303585,5,78.06651223822716,12.43108923240953,0
4,151.42196013949243,2,30.835023649205326,20,85.10981204618211,9.113471677671871,0
3,124.18759904148143,2,57.35121821948528,6,98.04571778308888,5.850070744548364,0
3,138.46333367310524,3,41.7990801905561,70,91.63135599634062,8.249093604047708,0
1,180.1887842764332,1,41.03337840178082,59,92.25301954298394,6.400740351665922,0
3,132.69324391430553,2,49.825240488285914,64,73.60597164985361,7.504572314994093,0
1,175.07076336195425,1,41.29409476927548,18,86.02878432760885,6.179118578866355,0
2,116.10879436027146,2,66.0380609212741,4,69.17055009312307,12.214237046412045,0
3,165.8941253374585,3,42.269802392739805,17,92.68289149827817,6.617230769643557,0
2,193.247058619737,3,48.65125411983011,14,97.2682946117842,9.375128703988274,0
1,75.85066499618132,3,54.70941331376861,78,88.30045353158934,7.3530411562467455,1
4,126.09314233588569,2,61.0225322560691,13,74.48884119807776,5.68317365485442,0
3,167.3121638154162,1,37.5799386434236,7,76.94409307937603,8.395298605799013,0
1,143.9086384187102,1,40.82036496161355,44,107.09774315993015,8.801383674171413,0
4,161.13437620113928,1,57.74591875293515,15,74.73934333064756,9.117253065509027,0
4,131.88044439852538,2,53.10062304052691,19,95.74991251175852,2.755561690918115,0
2,152.597693624187,2,55.75175935668459,63,85.08337397327783,5.530308572661818,0
1,145.32968293823762,2,31.312954564403316,35,74.98795327310236,9.91510943804377,0
4,185.0334618497942,2,60.47999753924019,81,59.830264587958624,6.152786074782416,1
3,157.6326252990364,2,37.38592456715195,35,83.17400570882761,8.405888100620222,0
3,160.12807986225607,1,46.92292978141896,19,81.36651299909184,5.483950609542429,0
2,137.643691016326,2,43.517771224082296,20,107.09802007189,9.46320220431688,0
4,135.3718132778252,2,36.2151716345193,35,67.09710956866252,9.862539191991148,0
1,137.02325436541136,1,30.87464236578997,32,114.42152887321677,9.463819812344733,0
3,161.8335642713489,2,27.561518833671023,48,85.6821579424489,10.065113624707195,0
4,137.3704655753921,1,46.19018406053975,44,85.66743831833237,11.127800289799065,0
4,158.69324570689238,1,29.74680909766544,24,71.10391798351655,5.651851736782051,0
2,212.26202395936315,3,33.66184404913117,61,84.72059461331703,6.422656137697275,0
3,176.13374110295078,3,42.8196412180178,17,87.0957639234982,9.79508714060759,0
3,140.21929403496478,3,18.611914997401,71,94.05990937731315,10.260439543674963,0
1,186.03641766491836,3,52.789797120440014,50,65.32516688612085,6.651314092856149,1
3,137.75773880935347,2,20.901118328931922,65,101.10171283682058,6.512227869348832,0
1,88.85626394466439,3,44.22627608667227,32,85.42123285657969,6.695573020138989,0
3,119.75741067247787,1,45.15019226594289,36,89.12343342960968,4.7898100719121075,0
2,93.87624236922433,2,50.38061720181809,13,76.68586607742859,5.457177635651849,0
3,139.45459547876075,3,44.58319197610106,70,66.07786042581424,5.505414709939693,0
1,150.55255137568656,1,65.17907963833238,58,81.09086941104931,7.411803052388733,0
1,200.2931193682585,2,47.163168815685005,14,82.80943324734828,8.541673031667909,0
2,159.8078212129249,2,55.5361239924366,37,59.218575978282644,8.866945663284744,0
3,143.42698413573407,3,37.76537191129712,79,91.89928107747687,6.982875493448638,0
3,174.88216743550467,2,46.207568061894676,68,94.94786950844872,7.032025767438242,0
2,83.66594072976345,1,60.475700950289266,40,69.05503064268309,8.247322990302523,0
3,157.06843674325697,2,42.62304875310359,59,64.66121974591863,5.0079708857011465,0
3,173.125955816609,1,46.92234764195231,80,75.45557934688549,9.918881064166179,0
1,105.64241262660475,2,54.80853449137475,16,80.3584264547945,10.570770558028542,0
3,184.31262129620788,3,37.57770479808366,62,76.03743485126999,6.74883872462392,0
3,160.15489222483242,1,23.384396666808065,4,79.08623250843826,7.203127681302442,0
2,137.54136258297595,2,47.55573653712369,45,83.32216546513874,10.48662444969034,0
2,168.98345598318855,2,54.886691693580026,28,59.475965919115566,7.753896818020201,0
4,218.12078573413186,2,31.485542351080287,66,61.20056559045103,9.17649089190326,0
1,155.45598765175487,1,51.70219897277339,31,39.16583388615283,7.815389212398452,0
3,157.4466175890101,1,51.76966387339537,3,94.13817842680207,11.112614776960548,0
3,136.21917301379267,1,22.265037408846958,8,80.22840530926173,8.980159256502992,0
4,124.50466891605625,3,35.63711367593228,24,95.71776697197735,9.095311543838385,0
3,174.91007449632735,3,41.04171219268338,15,62.93393006282912,9.132613077467173,0
1,124.31748522273398,1,43.20375999764763,43,80.36611009299743,6.889772527344576,0
4,152.14698711658178,2,37.56865735232016,31,83.22239759174902,7.0735217261549295,0
1,135.6702765970465,3,37.02997196417818,73,71.57326257754977,9.538491279119949,0
4,164.36939477239176,1,61.71482891182092,45,56.69858302299811,8.252825658867234,1
4,160.00986315860845,2,43.92440868141092,66,106.18807004202736,5.644777984376454,0
2,181.12619832773697,3,38.049563398502606,8,100.98925011905077,11.74620884924956,0
1,134.6995080343576,2,44.5883052308745,71,74.27101592411952,9.9561437345942,0
3,141.90375194119886,2,50.370908330611435,57,87.6534146775441,8.075252647690037,0
3,120.63708852653077,2,45.51626376711208,80,72.7281398546466,7.45299803640007,0
1,136.67120219771664,2,42.942724091720265,30,65.06894595462879,8.397351715060166,0
3,161.31901479134558,3,38.49983331329547,74,107.4089225743552,9.035040198314855,0
3,172.70965849936056,3,38.37869154532401,18,55.16946677891298,3.933998528659905,0
1,122.33504027467123,3,39.021916135146405,69,75.71744454543328,12.224699418971507,1
4,176.0881776031698,1,48.38814600810737,39,81.2648574086335,6.42023138166616,0
1,190.66913576414854,3,35.05819907598213,60,104.7685486803093,7.9961887340224855,0
4,162.40304709671102,2,48.932692234702216,43,93.44882981354027,8.069733765558292,0
3,206.303874376742,3,59.1299475562683,45,54.91625338149022,11.993700437377703,1
3,126.78632402689281,2,48.257073578131994,23,79.95874638448727,7.823752317986611,0
3,112.66035890065749,1,41.30414471082863,69,80.31590297546539,11.177014588707259,0
2,96.63839253287165,2,32.0187311494537,6,76.57492497050836,8.813454938922227,0
4,194.8813293446755,2,60.781068079115144,56,89.29713661295452,6.0762302755881015,0
2,169.63096969062173,2,33.29982349401088,4,58.86339608366035,8.269414936205608,0
2,148.33245987268634,1,53.48562034475748,23,73.87046131194995,7.762982556570175,0
1,158.39905878959462,3,51.38517860594486,6,87.18228122319613,5.831859030191541,0
2,116.2353285810487,3,42.632313970359405,32,90.19363527740961,8.715445538944483,0
1,223.37255938850478,1,42.37021196219322,18,82.24129210263796,8.044205499699713,0
1,153.87663545925682,2,26.642887259589795,15,75.67411699549551,9.11284341091708,0
2,153.28184383814678,3,48.30065000812621,40,78.20088089560291,8.38670555919663,0
4,171.77299871696076,1,51.19926332395805,73,91.10610683565855,6.697794205971859,0
4,164.4302769521014,3,34.109198838521955,74,80.5085117618819,9.53666798458063,0
4,156.71652072837395,1,43.44178525670897,84,64.37228681839207,6.751203439492842,0
4,126.28576633664065,2,45.3786191500895,6,61.49753624082645,1.800658954433458,0
4,164.14405071407987,3,50.84572627949568,63,57.65543867845836,8.257305895908434,1
2,206.460734894251,1,45.03803076123187,67,101.83371227734031,6.8918525455320205,0
2,190.36260138464934,3,28.73680646038416,11,92.11192753418668,8.76426100879327,0
3,197.7955987991819,3,39.700622305375106,43,78.4026817522918,11.997743471879428,0
4,134.66352970706444,3,47.24625785389019,17,73.19311272253874,12.055479386296117,0
2,120.31185539224258,3,53.41528342039759,4,71.39104988048963,7.669754155556321,0
3,146.22639239701056,1,38.82363390605753,63,96.39855661373315,6.346969657507889,0
4,151.67174736866085,2,66.87649874550019,68,108.56650262262112,9.169366563835844,0
1,182.82574555412845,1,26.055269311630354,81,70.91910614108691,7.259548816267291,0
3,99.22606110855543,1,39.36299824942099,41,97.07623280983564,8.783553044693885,0
2,195.8865095838184,1,44.16966396507227,83,80.42019373038333,6.678278475546291,0
1,145.2597630426303,2,42.99250836447136,5,76.813566051343,8.501384832045504,0
1,137.1935679015774,3,32.678576701851675,32,102.56321424244885,6.3760516954130475,0
1,119.63686874219498,3,49.478617477517936,86,79.84751418885834,10.368506832062932,1
3,100.35429984402691,3,48.71094051313922,70,84.44546658881954,6.820044618494775,1
2,174.69511751885744,2,45.479614459815465,35,83.72410899367169,9.322205071469938,0
1,152.1995390156521,3,48.318438632585156,22,55.61600950010822,5.470465433628962,0
4,111.30117300776838,2,40.762235885519694,65,84.32616723074092,9.562347713221381,0
1,111.14763683809151,3,28.826370498914322,84,71.55961963339651,6.067231861463599,1
1,139.92645902129615,3,37.83360129947755,22,58.68270289781568,8.522353613949019,0
3,200.0706457586818,1,46.57054581409441,11,72.24294379326857,10.046401946695973,0
3,142.21225945909185,2,46.62744414846396,77,72.1191669554458,7.600034202886441,0
2,104.90571140645682,1,45.41379052585848,3,95.44823808695497,5.941666178508134,0
4,142.62770807742166,1,50.48708267985032,9,64.04315575846952,8.993625014271842,0
3,141.81829290756988,1,39.188539545499836,60,68.15228841426118,6.318037202026904,0
1,69.09340071175285,2,45.26681057110536,76,83.53082390822019,7.191508801605543,0
2,148.37115400446564,2,50.720927784049216,87,60.11309342968629,8.530925318991455,1
1,143.07196409373967,3,44.151101814976464,14,70.114898626515,10.72135207221541,0
1,170.88619094440256,1,32.56676071593901,18,55.032848970001666,8.053106707598937,0
3,205.46868284836034,3,35.385116303444626,73,93.80017190008094,8.045715019690247,0
2,183.79695088643274,1,53.30852324279367,23,75.47955319339721,9.475025787245702,0
4,141.93333928335508,2,58.924721629425726,74,79.76123232496637,8.100743793345993,0
4,116.80422273774988,2,56.75283107824049,83,93.74015479686635,9.271060399665796,0
3,227.20079409749582,2,47.32155949742035,47,69.1659667451917,10.157067092125894,0
3,151.77655302043465,1,32.96867397983307,69,75.32019487027993,7.344525699464001,0
2,150.4178787573884,2,44.936484432271314,47,64.15508001041388,1.449978732173089,0
4,149.2762473866999,1,60.62255131950422,87,64.12244418506282,6.364145812829067,1
4,155.94254282303564,3,51.184883804564755,30,66.19125658991182,10.417364021670606,0
4,145.6691876422817,1,42.925224773161275,25,72.61264413749502,7.9324704372046915,0
1,132.7901397935929,3,51.28625232841216,28,74.22806698740402,7.321739458144202,0
4,133.59423176278824,1,32.306047933843956,25,84.3294822634757,10.333569986406415,0
1,149.01740189352006,3,38.04328622151798,74,66.6317457793715,7.797350167540208,0
2,133.69725686598704,2,34.15808608977675,78,84.79449013876214,3.814933588501688,0
1,128.61462651968506,3,49.695718183484324,58,87.27501937284842,4.989395877983313,1
2,153.1929068307569,2,52.141034997200926,41,72.98266725751601,8.837296041633811,0
4,142.35068347737433,2,43.46173972801633,25,67.92913141372428,7.866218116810547,0
4,195.11978965748065,3,36.27070323260434,78,81.27618547969985,10.909312957658443,0
2,70.47090574820965,1,44.80250906465373,48,76.95623805484333,6.533462632391647,0
3,182.74520555767384,1,40.13420109326192,10,83.30527743910318,7.380998475992411,0
2,187.38255577492887,1,37.03829295306255,75,103.5479965438995,6.23099385387996,0
3,87.79829302775552,1,48.389936853092465,11,81.02955572641574,6.958811644639095,0
1,139.71937217758955,1,37.420077774813265,85,70.41154158079802,4.216192197492752,0
1,138.85677402012627,2,29.336502670359074,21,66.63665582086912,7.228630671898936,0
1,107.77464915846537,1,31.55885529636813,86,67.21697553017624,7.896262272460196,0
4,126.66549937227374,2,28.967395331840503,45,58.05850539333319,7.727338315068632,0
1,116.68272463602514,2,47.475119165762045,7,93.99115412518368,12.299106527465618,0
3,202.5681133027087,2,46.50405438176164,81,46.50081770966354,11.666969154353962,0
1,178.07035179442383,3,46.00520094508162,64,87.32157226578958,6.498201058077829,0
2,188.14665284982476,3,50.877316524799426,64,66.97904139987153,3.9121266106948083,1
2,171.65016192129707,2,56.91958856117117,2,72.31392178063824,7.801599294136887,0
4,116.12844686348312,3,39.077334691748845,76,66.53018537683417,8.75302027634124,1
2,134.2643920116068,1,49.06477477238418,42,101.68796989463047,6.279031853234329,0
3,164.68123683683754,1,29.203844925941233,82,80.24473402528665,6.378048732148554,0
1,113.33616573324164,2,58.787097462633504,54,91.85567787564278,11.165109938625065,0
4,171.38995290517164,1,32.55168761781843,75,99.50790287894009,7.484896857709392,0
1,142.79023805525594,2,37.89918880959562,16,82.45108211033606,9.324500371391476,0
1,138.75537577351207,2,39.02290486266907,18,62.065643437171815,6.13938860429111,0
3,171.32879904610473,1,29.737290032777878,59,76.69035874826342,7.886119082550414,0
2,163.3278993445812,3,45.32575577408562,16,68.86627979650696,7.327323292730974,0
2,139.1710150254276,1,47.139038682014814,6,72.44743757169051,6.649253522393424,0
1,184.77989410092744,1,43.1058632901845,57,78.58064311026067,10.310600823043385,0
4,117.56810017200308,2,29.597523679689232,47,77.98766536861604,5.222245980733971,0
2,168.4780682083279,2,64.83386234851712,48,86.1816374153043,8.600113651022578,0
4,167.7930377390515,2,50.49230796501648,42,88.3595644067073,7.289756689019002,0
2,140.71360682058028,2,71.34222043649959,76,77.98782235600314,8.82964896407175,0
4,159.78399066726354,3,36.94890760113708,60,86.05203377161877,7.316846735563285,0
3,112.46659270844091,3,54.57882228176977,77,71.75960217596838,9.73438612383788,1
4,177.72081057620704,3,52.79273887394164,4,99.72169738394756,6.120594803495696,0
3,144.45293590671034,2,42.09424896902638,2,71.5173306767353,10.315106383350624,0
3,134.3183093844288,2,59.11050901059224,59,97.95779726933642,7.9423946106511565,0
4,181.47027677510667,2,40.945899923862214,27,57.85899362342417,5.342994941969753,0
3,128.8696892837172,3,41.39108580575393,27,74.29389113883731,9.360430911805647,0
1,107.74616110909321,2,10.285701080616171,79,75.03532739579592,7.602300512964698,0
3,103.30112479428288,1,49.09028053742637,72,84.18487692122712,4.584324147720912,0
2,168.1802985403692,1,31.744900883175937,7,92.92725204828236,8.664936167517741,0
4,111.58711942511151,2,39.49278804304489,63,61.259071954107085,10.0131914305554,0
1,202.64382545953094,1,34.737803612549726,46,63.380254369356386,10.564271480720262,0
4,87.54211776348833,1,41.33768460681738,63,58.97137898425643,7.243296234800467,0
2,200.89369104870116,3,49.43880230217436,12,99.80276295797626,8.290636110651477,0
2,156.33052401607856,2,45.11141563048758,13,84.46407414195684,8.101072685585823,0
2,147.09860664388822,2,52.096412905058074,43,63.73443187314316,10.979605263142707,1
3,133.6524273957315,3,57.656295355856315,17,73.35357689065894,6.379022835253366,0
3,161.97408343056213,1,41.31204063322164,63,97.72642093492242,7.070681095590917,0
4,148.87095892725455,1,40.214327579838866,81,75.82821154533143,6.330559381100388,0
4,183.09905646049566,2,54.5772765366201,36,74.9421779331324,5.1016989537742266,0
1,153.42682945986118,1,55.370472887399295,85,68.28054939765413,8.495574362104163,1
1,154.50905284385632,3,52.40590868103047,8,64.62511529271856,11.202596663555175,0
4,139.09163363358434,3,35.478211932606506,69,97.74985715664735,7.603031082969878,0
3,148.29163128836797,2,49.22655065501604,80,105.1085238311309,6.236206756913731,0
2,159.2340530667618,3,46.09470604047289,36,65.22208395818978,8.373719404464136,0
4,98.69494822030123,3,55.52528941349664,28,101.0741349382718,9.17823635754531,0
1,109.55443733682861,2,39.271279104622515,47,72.68915875564842,7.687273725126856,0
3,172.29792282068144,3,28.33389708850084,76,88.0047199305333,10.807070663908355,0
4,155.12596314383825,3,51.90236800380272,30,101.15320707221612,6.375276211424956,0
4,144.48049990941962,3,19.416316167428977,23,77.82385106444552,7.426060726975274,0
3,150.55301799196178,1,37.6848659610367,16,75.08087119598962,8.591975809685923,0
4,160.42745116085013,2,34.76804488681705,14,92.01621445682278,8.785927505235653,0
3,133.80720959071914,2,34.70065329094253,74,63.35070744445626,8.094456184596321,0
2,126.65085823793062,2,37.50968529044904,71,97.20592066760645,5.443160155285703,0
3,155.87535765293046,1,57.1737356975163,52,82.14214088663874,12.67602280841266,0
3,120.64881667154904,1,53.20555419006373,37,71.33374237768734,7.5280601699078,0
3,162.24758267143415,2,42.482693180074946,29,70.93748595026219,8.220535037169313,0
4,98.92249187286478,1,56.33623471859049,67,59.24806232257451,9.233522186345962,1
4,180.8746691197693,2,34.37702844833626,15,71.95741750064016,6.726989274700941,0
3,164.17792447239128,1,33.01716614252842,47,76.03943357008399,8.113852841741553,0
4,157.68089202941627,3,53.635966592465905,46,64.08059702432777,6.645619524693411,1
1,179.48072951836542,3,50.796432293226474,52,79.31802535806493,8.831101482948462,0
1,199.9642333338773,2,40.39736598416677,19,87.09375626788244,7.447954702888861,0
4,180.4311019505439,1,33.64539106301869,77,76.79791796000872,8.537437054609336,0
4,94.77377306005064,1,59.5973187503794,21,89.940887397789,5.906925307028796,0
3,111.61269099792895,3,27.798974490521818,64,67.89290025530995,6.342167131987589,1
2,131.25544266912965,3,39.015740646564396,37,95.0507414632991,5.269718646286396,0
4,150.782731506325,1,47.285765275178974,27,81.82722058662287,6.578939841347585,0
1,165.5297706140737,1,63.02164808431446,55,103.17885754632115,2.8529515126037204,0
3,128.22768560539603,1,48.8310021207322,29,116.21325968358099,7.385799588624346,0
4,155.60300293431234,1,49.80304653013299,20,72.94634611545078,6.931519456074147,0
1,127.33851202940032,1,39.30616299851873,25,73.56404184647813,8.301821927250138,0
1,131.65446591024156,1,50.68480225274598,70,76.30636817076923,8.089215448868579,0
2,107.80016709455333,2,46.05309320879087,63,88.93553375263272,10.51415953696214,0
3,122.30300261667287,1,29.11535459582442,36,99.88954955712634,13.188620369548222,0
3,109.44946183150999,3,52.92934853493107,2,70.20787273745294,10.27507802630127,0
2,120.72380241068002,2,54.70393389846851,22,85.71866399717109,7.093784821249824,0
2,181.60925389823518,1,53.03365048821163,16,77.96109065216349,7.01321850058022,0
3,121.51803333504171,3,45.33327925665802,18,89.27163653810882,9.73732608471143,0
3,228.97146194512172,2,35.43823116850353,69,102.64186540111535,4.633310610854336,0
4,164.79953702642666,3,21.908162687151346,54,76.39507643850477,7.369594147673042,0
4,155.54508371084623,1,46.570536054014504,30,54.95198499989404,7.523694129912284,0
2,124.2492665945636,1,55.819420597408495,45,91.1585251532044,9.168262969637624,0
4,171.00929638226975,1,54.95532469083081,19,67.50942172091821,9.227732692281561,0
1,132.73086521286677,1,53.16072843393848,87,77.85326394554333,6.510878919213941,0
4,153.66029443936085,2,44.25789021450609,34,91.80546255307421,7.171254676589632,0
4,226.80253614806384,2,55.87464174031497,13,84.46092280296662,8.890208509665413,0
1,147.1182030082605,3,54.24161823855903,43,78.47419961670433,6.40215868816247,0
2,184.47819978857027,1,40.77366439278442,62,71.36177431312518,10.412236869548567,0
1,128.90470724622338,3,51.76598016615847,22,36.50159329587502,9.218350466880482,0
4,148.95034528509115,2,39.640408545907086,52,90.47481223634303,8.343019096389687,0
2,203.1240190690653,1,50.40024231616922,52,76.20572451161354,8.781881196561839,0
4,131.190988266367,1,32.00883355698933,36,102.70004417533588,7.0662187661184,0
1,204.37345673990785,2,32.77788191327079,73,85.97042044942805,6.747417155624762,0
1,171.23255806366427,2,55.582070469439074,19,71.88311941197736,7.150555567722558,0
4,133.12599672317197,2,54.37560122204765,38,96.0030513256406,8.999933384519698,0
3,168.97223217166564,2,51.336115405758314,70,97.26694108937285,8.402029961417307,0
3,179.17663348880188,2,45.87968821052831,79,76.71452278471283,7.15457108061458,0
1,168.6542988665159,1,21.087255689758514,57,97.90467298359842,9.499163486615311,0
1,102.89325840328631,2,44.2512406179351,20,71.6703791692093,7.652107155327692,0
3,128.18588472525394,1,49.54183167189838,9,82.39471654111854,6.613378508821664,0
3,142.57444093345487,1,39.65266752440409,32,88.57112581578171,8.508683018597042,0
4,147.7669971269986,2,37.87505807191762,4,91.77172376021284,5.973940976754324,0
4,168.62016292652035,2,59.444203881536914,50,89.32282772923836,4.625552500128597,0
3,155.33103002799763,1,44.397110086083885,82,75.01014229155241,7.989790848869472,0
4,109.93966923869696,2,49.54795169642381,5,96.40546461037162,6.685172412578233,0
4,161.4059355301789,2,52.74131461619365,20,78.13359015340372,7.491691294660301,0
2,168.3175723585147,2,34.98562923494922,87,71.4645895658721,6.0665341637111005,0
4,166.7937134379312,3,46.93207422714194,75,71.68493049030003,10.41786427940514,0
1,182.42342176663865,1,58.19644494477299,37,109.09982587214503,6.677014512143724,0
4,175.01766463646712,3,63.19223183299721,22,68.87024857862083,7.13600124365838,0
4,163.7754023768531,2,45.39936397214691,58,99.3745284014067,8.755766535166469,0
3,147.89502865624058,3,42.62056452652925,68,62.96799956284745,5.246771403354634,0
1,100.17117199452025,2,47.690240681375336,44,87.3185816761128,5.0989004535025915,0
4,162.88854657397758,3,47.43637047027521,34,84.45625177236252,8.761905671386826,0
4,156.23063061489333,2,58.867580661311536,77,104.31840319589341,7.110104739075661,0
2,158.1473651158612,3,35.03608310832933,42,70.18397157247227,6.197009786211688,0
4,111.69754272539072,3,42.20126913833978,9,66.0400367305942,9.20674634589464,0
4,117.56830378775213,3,33.82858673123489,7,78.25234432479527,6.376156681784014,0
2,181.5945855999871,1,34.87905114202423,68,104.97202743860679,7.450975400902151,0
3,148.81334538430036,3,48.76574015139124,19,66.73762280084348,6.207739064054975,0
4,170.44502092117872,1,53.098578416370266,31,41.173750516937005,8.606874372499648,0
2,150.84955128391383,2,38.506083062562546,35,80.89651756059924,10.664152385433548,0
1,150.89268418487237,3,52.72094788975289,57,94.24284376941513,4.277920141335771,0
3,178.14851417927994,2,56.11578657131968,85,64.79291101040205,8.22531537750129,1
1,134.51865815347878,2,64.3470599843339,61,92.71898260029896,9.7131768837727,0
1,152.8836233082295,3,45.69746848841049,31,64.46133522481315,7.157044505388454,0
2,136.1317413388487,1,38.60235472555867,83,77.80162196462481,5.7379152514082294,0
4,136.96511317703053,3,34.97528068394105,53,91.29023472929086,8.841927054254807,0
2,140.7248362959408,2,33.982068020801066,32,62.18801897392342,10.0033070067542,0
2,156.6640131490114,2,57.49780701403607,66,82.72269997261331,9.781044355290938,0
2,135.6375413500957,3,29.849046570443498,59,98.22460266938356,8.731818675829654,0
2,187.67268376720563,1,57.177484856512,10,87.10901148817027,8.195827475217284,0
3,123.16178093341489,1,36.31558970747851,2,69.19060913613848,6.201974889231398,0
4,144.39385067515923,2,38.14793802140594,66,102.7807752907519,9.730489900687884,0
1,136.80806825177476,2,43.4844454499002,60,89.87588767883736,9.619913626705015,0
1,193.409336530612,1,37.96345450433489,88,52.0932800011354,5.723883362689466,0
4,155.89664329534725,3,54.31979754959575,17,92.9636542210134,8.728959455692982,0
1,180.95533618405904,2,63.13343951982775,16,71.42938621374084,9.30564775103957,0
4,105.43318880889083,1,38.42567842446862,16,82.94845321463697,9.764227544151014,0
1,158.01150797607778,2,40.67762160835373,46,95.1200600643989,7.850020761745559,0
2,176.6889238687031,3,43.36679192716102,39,71.7559312300275,6.284864851707712,0
1,152.46851967826274,1,50.41056763492638,31,55.316110789372786,6.99576764027191,0
4,181.96441125196054,2,43.46515721044143,88,102.58317787858742,5.9855002830880775,0
4,134.48134649698883,3,58.87257411052596,1,97.46875206802922,7.897878669770035,0
4,192.2804232055674,2,56.46623916561927,11,78.69115980225581,7.506229206862619,0
4,218.9669437085775,3,33.145376464049,85,92.80132177238173,12.290072841537414,0
4,139.11484318681022,3,50.209681655748284,4,74.45919901904473,9.789354284876264,0
3,136.63492435797684,1,60.20339237309503,71,81.45455265141274,9.939096133778193,0
3,193.60153431353103,3,40.05219054233117,26,77.8356808604489,8.942704981655458,0
1,197.38716437192136,2,42.05735128206443,50,75.06583871964047,7.265364706662964,0
4,134.31419918540195,3,39.71963002147045,12,85.38953870128633,7.449220082363852,0
1,137.39439548712429,3,39.92924384476494,81,61.87731764531618,7.632261400366759,0
4,141.5464617341848,1,28.31548448088952,75,76.22628753851632,8.376466545402268,0
4,109.66648466897169,3,31.716850485349493,65,84.71719208725108,8.778339620446896,1
3,122.44044160547405,3,45.774737187372295,47,107.57151061942454,8.001417255361044,0
3,119.87577699743797,2,60.13597974652778,53,62.48698677030956,7.418803045313734,1
2,126.96607304687615,1,38.86639187481717,71,87.80829586598641,6.811768739024031,0
3,148.95945337839657,1,38.57242697051442,2,89.45223164641791,5.214702484433493,0
2,157.0264419760956,1,62.01521070420735,24,51.84921903975895,10.566758330093302,0
2,196.5150147844223,3,33.91742538184013,4,86.15798021613878,12.411059136530827,0
2,120.04937877783627,1,28.38756837293578,19,93.20427618475671,10.398673561856501,0
2,179.5296719542975,3,36.714845638625,26,88.82979019073652,5.481868748138508,0
2,143.58033467323474,3,38.37215521205634,75,78.74109117690988,9.574033139281784,0
1,148.516088710427,2,27.525469153049347,40,84.99860054783643,10.047552603241632,0
3,170.2445847649981,2,43.71958293725389,50,82.54767045873545,7.193124602757284,0
2,116.31833935313105,2,54.484463498615355,43,54.65813992527208,8.977854479278058,1
4,161.4722923855215,2,32.14045226285174,75,82.89980487131699,7.087393934954761,0
3,154.99356624639168,2,45.87578218953589,67,74.49394391027491,11.05785798962748,0
3,164.77353792024448,3,48.95935675626773,12,69.42766743503026,8.730741844430629,0
2,158.67505931723454,3,44.16615724725707,67,117.2745493037998,6.165689017257903,0
1,223.65900419732682,1,46.85692589741059,27,98.78923579429336,9.339616196018676,0
2,130.86780047246052,3,46.973272625952106,54,62.74741909528419,10.117561346980494,0
1,134.07009134994547,3,36.872720430815676,66,85.19954294848759,8.396263302271752,0
4,131.30578420725706,2,59.98582572011868,49,101.87037913346487,8.958883383486537,0
3,133.33568642519236,3,57.477568340762154,16,57.55701268885997,7.860493141542404,0
4,130.87838618080445,2,56.899113972411676,2,81.1547471211073,5.731439093707532,0
1,185.67049593322656,1,55.13675740543864,60,81.86109088579241,7.696532483158984,0
1,192.61512743969564,1,29.25020530566976,54,60.882606762514655,9.046079265927116,0
4,132.8776111875157,3,54.260623778119665,30,85.69325456918344,7.743946264033524,0
1,125.02933280687314,1,51.55601427549508,84,96.74369585777188,9.601530853479183,0
4,164.14246669159212,3,29.634763850562166,38,102.62071387128731,7.215636877604831,0
3,133.43330867157087,1,42.85089644849922,28,76.25953847561081,7.346818345098345,0
4,168.98795453266533,2,47.76793449325288,25,117.52467552702669,9.66223999598781,0
3,156.08769062553898,2,61.64317098124635,10,49.13049869904867,8.44370503360609,0
4,104.52767655008304,2,52.247238578942586,60,85.34325064721693,7.176556837688817,0
1,196.42515603990185,2,36.35434272721699,42,58.81558520105217,10.067610752017249,0
4,203.87633019286565,3,61.95388458451963,40,81.3527395624535,6.622528564098944,0
1,131.61633928546843,1,45.43779762713889,77,72.17139874842456,6.546102081965302,0
4,138.36895320192048,3,42.44158863096908,42,87.60316184585842,2.3411023778718514,0
4,158.57596172174715,2,41.72881803411188,47,78.0967892884671,6.8920629028451055,0
2,160.03370369961075,3,28.764447619768667,37,67.61023732960226,10.617433357844565,0
1,169.7563281801849,1,43.902304961838574,80,68.5956357865403,3.855414627655122,0
2,210.3061361629905,3,49.97485257305658,22,108.9868924617433,6.096159719541565,0
1,144.69158317517852,1,41.14616672474784,57,86.65285607693623,8.87813711178034,0
2,126.05108266384639,3,49.20452477247559,84,54.46806940192418,3.5102664522145446,1
3,108.62042315956418,1,36.35608929085819,27,88.26181602675146,6.978602772980471,0
4,128.0720988017424,1,43.5907208572238,41,77.07985006463004,10.281726431221493,0
1,149.00619081378608,2,48.16540326608632,80,80.06901630645709,12.086051603697978,0
1,203.83673590553363,1,46.89660877063421,34,92.29832230972696,8.580493131334064,0
4,134.47166102891487,2,28.945349102809537,32,97.74840760569269,6.147065963517766,0
1,156.71363854916694,2,40.609940491287716,89,67.11780908118966,6.079742522703435,0
1,149.50731311781743,2,61.77462930312606,66,79.55387518766925,8.289815938661809,0
2,185.65179820344252,3,40.075539256694825,12,71.80833495892145,8.561926642330198,0
1,225.80797277620866,3,45.15807544111839,40,88.95293271611393,11.715857520116497,0
3,134.07393681239037,3,44.132442494510556,73,76.51543259395746,9.941609705074406,0
3,135.31681672445333,3,60.68239758919651,76,80.43877219552813,8.168212975776981,0
4,181.32482631207216,1,57.903681221946705,73,75.94584858484752,7.329585493481162,0
1,170.45674468878934,1,53.0753099981881,10,78.40820726646002,14.02942341860442,0
4,205.401219772081,3,35.267576866274666,48,105.56976508892203,9.25318959999179,0
3,167.51784555977892,1,48.5918304919208,20,115.86149247151586,6.66249657284491,0
1,139.22123727638822,1,50.679417430751315,39,85.65638140613714,7.550754152817045,0
1,167.71964492076927,2,38.01395164403946,60,78.50045330274645,6.245090519993799,0
4,183.26110741748724,2,36.29482894152311,66,56.06544858665475,3.1909009482992206,0
3,174.61446543592092,2,62.0501414720703,65,68.5937270028294,8.625301982414646,1
1,165.21822093321893,2,41.99196687783071,51,78.0989594632114,11.56490843311463,0
4,182.00024068767462,1,61.149768189111484,36,69.2740516904386,4.738885595505392,0
3,185.0788677133702,3,54.97093755494534,24,70.85148855692117,8.110525191758036,0
4,191.4647697311258,1,49.07876782375321,27,103.63084211084248,6.586190441724806,0
2,169.46129662768928,1,49.525314363594845,2,80.43186220607723,9.043005051139705,0
1,144.98645759049438,1,30.99580439669232,31,81.77317987102906,7.655339686550868,0
2,154.4014105929997,2,47.067747798344165,57,69.8871415949266,5.279890691164798,0
3,186.1952689952507,2,59.17020412981626,78,97.6631708715438,6.037792572100528,0
2,125.49192987038292,2,51.81339503185609,66,76.81132058017148,6.339398936031585,0
2,161.06019926618703,3,46.5433668706441,29,72.18704502273715,10.688636415974415,0
3,138.19983563017917,1,62.1193719581703,15,56.28873774035838,10.586518553860301,0
4,150.86234468804452,3,43.14959277339196,12,79.0834712937295,7.377304225774605,0
2,188.35355587821897,2,38.804443249783155,28,71.71912997333898,10.455606866902693,0
4,155.7329720405971,3,46.53831916078257,84,105.26869619025348,7.653632321207652,0
2,151.39309644468446,1,52.66467368111596,24,107.65848038002926,7.346674483099626,0
4,109.20431577060242,1,27.82205904191739,21,61.47079257850588,8.11423568110235,0
3,172.38760698081663,2,47.848686434904174,10,63.16770143178504,8.569650557247273,0
2,169.36452543423226,2,53.1034501553631,78,75.85520547310328,6.889110414269997,0
3,214.8976416991638,3,42.30358374703139,18,67.75943156908592,8.043731484364445,0
2,140.76665295140998,2,56.069647663026416,88,83.2612486353007,9.574645011293047,0
3,156.57450982991816,2,51.4118666241107,14,75.10064766371649,8.259079278412093,0
3,157.48151051132265,1,66.41383118511078,34,84.20798510832887,8.08556580424864,0
2,197.32359839290422,2,37.49397102418785,58,95.24140282470451,8.98836042856159,0
2,147.14113402839143,2,53.30709850496089,76,64.03667734496739,9.333412121717219,1
2,158.37064577311017,1,34.826760922025954,22,94.92816833716098,7.874768362774155,0
1,168.23689529149618,1,28.84633548723274,70,69.07021378519735,7.051637885843703,0
4,155.59827369469073,3,24.64469157182127,36,112.22724273723163,8.37840660694847,0
1,136.60699156348414,2,50.38324022396927,45,104.31463949374083,4.812072540353402,0
1,155.82269978694922,1,46.842479139441025,36,78.30379496170647,7.57935600899229,0
3,182.20895249579317,3,40.20948942638246,22,65.54624833204937,3.0568801833714785,0
2,119.20454101766819,3,27.26495666050387,78,62.67701030488125,4.648416433126998,1
4,153.98909022440628,2,38.09613373861324,80,93.10442753111795,4.347628301166578,0
3,128.9963755518248,2,45.04093007675456,61,79.54395850204253,10.094703484906102,0
1,185.85139886774527,3,52.93169366793098,56,93.90300328627937,8.02796363193865,0
2,104.30439285648676,1,44.834642497523745,89,113.06343453943461,5.47590195356733,0
3,133.23234458185235,3,47.52060342705278,33,68.44425591925814,8.982132086890713,0
2,161.31635625193562,2,41.238676190258644,45,61.54792634362868,9.977308958733037,0
3,196.9657208770302,1,62.492242025271544,36,82.88840351798939,9.016971112294748,0
2,148.02749216781038,1,34.817503556717725,20,97.17139417178446,7.622579743014827,0
1,133.34401419920405,3,38.00761782714872,18,65.89309565321363,8.464973236838734,0
4,206.4347120832177,2,40.07641926006487,38,80.5193710813887,9.802993066285465,0
1,106.55958298751267,3,50.42704397976724,67,100.55065491756486,7.061508324674689,1
4,84.03582130139755,3,34.611402102131194,23,55.506832422644415,8.059733846515652,0
2,163.20043350159997,3,46.35718590547999,16,83.5297694215865,7.485613910787137,0
3,134.93837326942167,1,46.649101434265575,59,71.89845359601823,4.7731682946950285,0
1,119.36301548607861,1,38.0564202926662,69,81.86234886456954,9.833136361288604,0
4,171.2506934189806,2,48.29979460956857,68,90.64676435875532,12.11454372998802,0
1,157.31402141313598,2,34.92186101262568,21,83.31212761832137,6.25241075751762,0
4,133.07764107789814,3,33.82925857538254,78,64.84666396832218,9.925360469772599,0
1,111.59086803987316,3,45.99605756521441,78,72.48130792649782,6.316012440476799,1
4,176.17371984840435,3,28.402444145219373,70,101.39889470486699,8.26557563015413,0
4,169.50603533875983,2,23.551972974497623,12,84.93399340886147,11.016024547579553,0
2,147.0247240866185,1,50.328333007968006,16,92.60478691377273,6.959122029215778,0
4,205.39910988142998,1,55.4896994259117,81,83.75442965274564,7.970627171216253,0
2,117.89745701021542,3,40.33196881307471,87,92.1367410236288,4.396994006983847,1
4,104.23424487225783,3,38.31929347902229,14,74.05780865094017,6.671591312107537,0
3,129.24275790356268,3,55.0553522597456,61,68.48732529848847,4.187455355998589,1
3,148.63241950933508,3,33.5446178200108,71,91.4554657377207,8.858356239749996,0
3,157.30018347968075,2,31.366273752788416,46,96.91061015668333,9.663275117903154,0
4,142.76291826431012,1,52.076364237084874,32,66.28578033805037,7.556730226858391,0
2,160.5616618954289,3,45.09038186512307,15,71.36082782864408,8.571773934513585,0
2,112.45381727428668,2,55.64876739290238,44,77.55160357653641,7.348539089499106,0
4,193.31293812219778,3,23.597341212220208,17,104.29736907473972,9.481090731748873,0
3,147.53546464822293,3,30.99326008881437,41,88.44703182752389,8.258923870250397,0
3,183.51887494764384,1,45.14332059844156,54,60.1386975520117,4.0286732883928815,0
2,160.28176039133112,3,49.176736984837866,44,78.60525812615748,9.87996163618564,0
3,163.70259657461352,1,53.469970876894585,5,76.31181866374348,7.220914410833693,0
1,167.0930184069661,1,46.74817768808778,27,62.400956659941045,5.459241057583191,0
2,163.43125680051946,1,46.64655155358569,87,78.42812124657908,7.122132055311994,0
3,169.2816827960263,2,41.105984569698016,78,75.64943840590442,4.195860702907121,0
2,189.87457590397293,2,60.90904904904518,79,74.57551214574262,5.500221377521914,0
1,155.8956350910441,1,33.969765445295025,43,73.88927948927284,8.285899220230778,0
2,171.27011272765537,3,48.59020152555939,31,102.07090322523206,8.453423372681133,0
2,147.3079291713832,1,35.1219116541198,17,74.54445325849227,8.612877668510336,0
2,193.2035164634842,3,50.3477854580501,83,80.74506584450397,8.006419735526995,0
2,129.7082309382219,1,34.62982430612234,54,79.11852931584906,6.614269753055977,0
1,204.02821298732448,3,52.43815698500458,62,72.42474724448996,7.891081721078869,0
4,148.7952614806697,2,46.12104946824517,87,81.19257098551547,7.1255851061042295,0
2,107.07674693645856,3,62.44639173258682,32,80.98025894146645,4.748436803849632,0
2,153.84313244732368,1,42.18980352728414,40,81.19634790348825,6.455170017978824,0
3,129.56845027575358,2,49.249661162475455,13,67.11150286855369,9.77908246233805,0
2,175.21930646966172,3,37.2034371953929,84,76.90813239121039,11.176588304109888,0
3,130.42128062092826,3,42.12106993558705,35,91.40482813024786,9.302550088237377,0
4,136.6144970035566,3,46.05749479444353,5,77.3027505292994,11.087395521984828,0
1,93.31377807163406,3,29.72780077528626,73,82.42672868901887,8.170777220269917,1
1,136.4308104225277,3,30.82376065815228,29,82.50555501089532,11.484752169405079,0
4,77.2836202011313,2,50.99859299835645,70,86.26092696100875,12.10897688065716,0
1,102.4829152954283,2,43.53913178468321,25,88.37976372520716,4.5330610039276245,0
4,172.81243968432892,2,39.07073466951978,22,77.3877408537617,8.442986614265665,0
4,173.57400475952497,2,37.630138195832444,66,66.32997045361856,8.172860378175084,0
4,162.76372685354895,1,38.015112042763064,45,61.71927006987686,7.151792368831802,0
1,120.99071570612361,2,46.125507150082285,69,95.26529619104538,8.983831076302774,0
3,148.5686593157406,3,49.4503586411619,89,91.553756719566,8.082250137283754,0
4,149.89192382728294,3,24.07892770374776,72,89.7404702650629,6.529102159215913,0
2,115.24905932422371,2,59.12834056769892,1,92.1680529179401,7.9467897899260365,0
1,195.10194905301452,3,58.41700762941993,84,77.57666024561168,10.40918915873678,0
4,176.32086871727014,2,21.693452364531005,44,70.62685373351675,8.36507619376535,0
4,143.37107478511007,3,55.859266963227974,87,65.29388885302943,9.253909496512264,1
2,150.80657516983592,1,55.552188513310426,75,63.659750051217515,7.4458937994418175,1
3,156.25148423842657,1,45.00445494187545,39,98.18238032825496,8.90412802030323,0
3,88.74795394727128,2,32.02831378115124,54,72.60282716368776,5.58157093903364,0
3,142.5846785243821,2,55.152280916650724,88,95.8228860381633,7.000559001160415,0
4,129.54047256006604,2,42.58768933702649,75,77.19671254429024,7.794662782868144,0
4,119.95139970315253,3,50.488788438189566,29,69.85638187636364,5.447328158746925,0
4,141.56699121342135,2,67.1920127196178,54,63.58452803674785,6.339566562215456,1
1,203.93059580548567,1,47.51836750623619,16,71.17768464518375,8.626223537147784,0
2,169.22528583801028,3,35.83115308281438,20,101.27358174359435,8.259663832576065,0
4,132.8646303065161,2,41.642690050802784,46,63.73684880330281,9.612730849315417,0
2,167.17748344068477,3,37.105546397590125,67,111.75120232219476,6.798977963629672,0
2,191.98066309758008,3,49.33489717448523,65,67.39088858795535,8.115204452010483,0
3,177.73901048738307,2,36.93932441250195,58,91.24924955976869,6.656265178232344,0
1,151.78891109760522,3,40.27148577650357,53,77.82123058617518,9.412257098218653,0
4,130.5918966688328,1,32.155696255924,1,75.19160626210721,10.381492232050494,0
3,170.9466994084077,1,43.679129944808565,81,60.92868834312296,8.966649654505606,0
3,161.80456156265248,3,46.767547933020495,66,78.52410525873142,10.122388552553165,0
4,176.85579660083198,2,18.152119528825075,29,62.62571005450994,8.064999725775724,0
2,169.0551540504591,3,47.59573561480221,84,54.77634350348839,9.611187669990352,0
3,181.48658145958007,1,44.542997689032205,70,81.79398017326173,8.15083548522492,0
2,133.94294365318297,3,37.35008051243872,8,70.46865339746367,5.950143866828464,0
1,189.52182196902976,3,65.28628924269873,29,105.26522774187471,8.493442777397213,0
2,155.927988140772,1,54.58476527604755,51,95.00032572639233,6.0094066124189816,0
1,212.25782617875797,3,34.03597513848599,33,105.46148272005155,12.67825790313782,0
2,129.32436545731298,3,53.3823687957114,3,69.78675643238152,7.331823682449331,0
3,202.0789140949575,2,57.444980760210576,60,82.04206610196931,9.290075710897995,0
3,155.93732350387944,2,46.32020922617557,35,40.6899356047842,7.975173560948811,0
1,130.45745989156654,1,48.61442036947325,69,75.77296428969915,5.532773151928188,0
4,135.48342497837035,1,48.383466669215906,76,81.47747522037021,4.2029539398708575,0
1,140.3895807541704,1,24.141841410767114,84,82.31072116552659,9.498027910148263,0
1,162.7249783920575,2,43.13130403149601,20,79.36447384187491,11.09868185354212,0
2,165.685064641065,1,42.61087158015971,73,80.99888857627502,6.530392585579283,0
2,132.78899988184264,1,59.301556365598785,39,39.30136048754883,4.686614960880819,0
1,149.26936223217052,1,48.33727863561873,4,83.84332754122967,7.34967453515675,0
3,214.2681107583559,2,42.02389037883305,19,87.25159837895058,6.125765909522533,0
2,201.82629510302132,3,44.09875259008989,45,100.07038103943276,6.699368640275814,0
4,163.08971009022096,1,55.233855816274016,43,85.53107088915397,9.22074739945057,0
2,151.140104345046,3,43.15415336754685,13,78.03894399930142,7.8990739051943235,0
2,153.60093980154784,1,38.018044669083906,13,96.57412883346458,6.340984882235965,0
4,168.4055391819125,3,42.24297807079134,60,44.639986631007815,9.17700157252239,0
1,119.31622304404783,2,54.40696143822682,57,72.27577204059284,9.333744690151581,0
4,142.27870387729965,2,49.961649055979365,86,68.51285029911932,7.32588502791075,0
1,99.94247778367232,1,45.44267973349114,52,79.48217300253033,8.27583304183612,0
1,161.97669367815837,3,46.915392994448304,53,47.01960781656253,9.041003766153949,0
1,169.41587819108224,2,39.40257526404518,86,99.79453493365578,8.852206261966794,0
4,135.50440613101878,1,43.060505995573465,43,76.25285150473631,8.081228173931066,0
1,197.219602898701,1,38.366956782254825,83,84.78195036738401,10.865172236450592,0
3,113.22703010992976,2,42.05220715700256,72,83.34636837589841,9.165361626030371,0
4,106.0687535937054,2,58.46178263626625,72,98.93734842315425,7.098641967004535,0
3,156.73355455679916,1,34.2212818862281,42,52.070747976889294,7.11066186460219,0
1,181.41294907836465,3,38.11282333577085,26,81.68481748204718,6.8838272997266525,0
2,200.51783074373606,3,32.45701137064248,23,97.1926739105729,9.264241894455623,0
1,136.2334721139318,3,30.290912428124017,43,78.53020329918962,6.754504879996187,0
3,182.36042500293888,1,43.13228085804708,77,65.73095910292547,7.150201821594386,0
3,148.84474591497877,2,38.82390818199213,28,70.94164826516321,10.116044776231625,0
4,144.82118100177541,1,62.61688930792192,9,74.10586997290393,8.383263924134779,0
2,176.50979812460017,2,42.17153453822207,20,69.18424955715517,10.397065254242374,0
4,169.56968635240258,3,57.89396863430024,56,77.70783324398961,9.596119746704684,0
3,102.70823529047252,3,54.680064749406334,83,102.62371104777503,5.646656341859874,1
1,194.2962104917769,2,42.91045844775986,39,71.03952851693776,7.795733883518597,0
2,191.40274062442353,2,66.10135582085623,51,72.68489038581501,9.979898079937085,0
1,131.23311895471412,1,47.685339864648085,12,86.89670876075469,5.555647869697975,0
1,161.87410600312228,3,60.13009266003989,79,77.37769454054185,8.839421640717353,0
2,164.82090558848216,1,58.96596891581264,55,60.06222299982676,7.921527052602512,1
4,157.8202129747172,1,49.14647985104783,78,79.08217343331468,4.490422515755226,0
1,133.4908453846374,1,52.51130847805851,11,78.51662851404612,8.239318609037866,0
3,129.85129896185845,3,51.24071415119476,26,94.6351751815723,6.325063967746934,0
1,149.23337787025665,1,33.55738568608292,42,65.41771402696008,5.664696435767148,0
2,185.18187057778096,1,45.57290354453016,27,94.73479224133165,8.018281351645266,0
2,166.30800463783297,1,55.74247233944661,11,78.53253781850084,4.138294121493987,0
2,138.88157003741682,1,60.26186317361662,38,63.38087493627506,6.651419414830236,0
4,173.15096131945035,1,37.793603281680504,43,60.36832531884607,13.102348505005295,0
1,64.54372138109774,1,50.2883130181302,19,109.01582791862795,9.300444786813886,0
4,184.46297101116312,3,46.50870213277535,64,77.60125965746839,6.237150187665294,0
4,97.80858663665701,1,43.82125935418404,6,94.04756175095733,10.808331880200793,0
2,139.12677175790603,2,48.560026292250264,46,54.37820908087805,6.015912878445732,0
2,116.40990316121568,1,47.179974106661376,42,119.56542331945852,6.892609693729055,0
4,111.15955572837282,1,50.41407568872588,65,93.39866942550692,5.702297180141423,0
1,184.82480362135558,3,59.417167609500524,72,76.16839678767187,8.512159757332041,0
3,135.96896396064326,3,52.841275908647006,59,75.40751213216735,10.737259244194256,0
4,160.39511645192147,2,48.10591258872703,52,91.01897192454494,6.001987534880287,0
1,148.59238263362448,2,63.64625056823079,47,90.15772530087571,3.879113925181822,0
2,164.31122481669365,3,56.09929595880336,7,82.73793920596158,10.18193334903884,0
2,152.30465673180765,3,44.07601561396652,11,80.16318137303345,11.107601002175361,0
1,111.51023327434291,1,32.82879597647095,61,88.41600626038874,4.0098390671705335,0
3,179.88800458341422,3,35.12169319079534,68,53.87444670379735,8.920108682892888,0
2,135.18730250516063,2,54.33232448315634,25,74.43087931078621,8.453010704230577,0
2,103.30254304020747,1,38.696875207470185,12,55.297042125607305,6.4250493902244905,0
2,137.15654517102263,2,34.91944522888052,26,89.06888517053757,5.211288666661535,0
1,195.02279371902932,1,37.419146733128,12,69.86279043450021,9.983500690893111,0
4,175.5066522634048,3,38.126156879093,43,56.42632881981233,8.35814106291439,0
2,139.5404359677642,2,53.50647667782251,51,68.09320213971546,8.508852914853442,1
4,139.52226887044714,1,43.43257924217724,37,82.24034302198677,6.756461294333597,0
3,140.35094846347852,1,31.276253997005945,46,76.92157426166284,6.396181591100085,0
2,212.30243950682524,3,45.310448977623565,53,62.4026516145084,3.090052917452107,0
2,161.4580635669466,3,47.22266132448242,88,54.426970974040756,7.543943940430242,0
3,162.90124941573208,3,40.206631385591486,80,81.10899180545753,10.877652758908445,0
2,180.90850362095526,2,56.558850841927,13,71.28847839874308,6.2194911599026925,0
4,157.1636747707954,1,40.79061114307716,89,76.12878935203923,4.955170611466521,0
1,142.2287356253789,3,56.0833768663715,54,77.6047221876755,8.871329132914004,0
4,144.10950452745064,2,50.967827796749766,57,86.45098530762978,9.240159996892672,0
1,147.8519622175781,2,54.26605508044407,4,92.7041975265487,6.828188078637648,0
1,148.88333290470476,2,34.01449159193605,75,82.19763801437665,7.302471070600717,0
4,171.8288863091094,3,45.983101922381024,49,75.19306175360535,8.527806234437517,0
4,151.55837657421898,3,44.47171995425231,7,80.37145307143705,7.688901062741347,0
4,171.97920231646737,1,30.779934750924667,11,74.91144549110568,10.000258671507964,0
4,147.57850259674254,1,56.05060729802909,54,55.361699695503184,12.87448515184844,1
3,152.35905570948273,3,36.8259910309265,87,96.37919256934363,4.581672889619089,0
2,90.05397946403677,2,38.90432171164017,45,93.55158293731705,10.45951026111596,0
1,177.48983024107446,2,34.86684164402274,23,109.82500990370895,8.210519402046668,0
4,160.39465427693978,2,52.011863260703734,28,114.20748959716411,10.776401877708322,0
4,179.94030329578956,1,29.740702812274044,57,62.3596980162086,9.448709022531359,0
4,63.112338654189315,2,51.17874800464568,26,74.96900119431757,8.122312919871423,0
3,212.65124114342183,1,55.44513986243461,25,117.67309395305213,9.520045884882068,0
4,145.8123111553448,1,50.37178427625761,54,79.39174076626648,7.211688457630405,0
4,183.2454845021255,2,52.12628483846429,29,83.66316353820127,6.451397155790291,0
4,118.80282218623407,2,52.59546469578043,83,57.18305072458131,9.621726231196698,1
2,168.3832171518771,3,35.505756732742356,36,82.25432947365161,6.311343102420992,0
3,118.39753310479031,3,59.34734979664344,14,108.97910562138634,9.284745183283135,0
4,131.28693117912584,2,40.39923745866501,78,99.29938715155292,8.061495166174998,0
1,207.42094061600358,1,44.336123824100284,35,70.85023067722184,3.341116697754848,0
1,144.2795279770996,1,41.67362681649041,30,74.05525450147375,6.85123509907412,0
1,156.5229861953917,1,49.9154212087731,17,63.03649561258605,8.669676390049244,0
3,176.10203192066263,1,39.61962756862577,67,67.23255289625442,7.187998672183015,0
3,164.87045663917814,1,45.669157242373686,80,51.346821068202956,2.9065357764756294,0
1,154.5125671543073,3,32.64656182853995,30,78.72770488010386,10.641500255652321,0
4,160.94883007398676,2,56.64665208501572,45,102.65166019895617,8.338750102543223,0
3,222.10246755714826,3,51.70740945950203,79,85.33147886140624,8.887478582539611,0
1,148.27143608899243,1,42.077402380982306,89,100.49358484948598,7.053447695643513,0
1,156.03297140144903,1,40.3085096997419,51,96.09874101388998,9.062979376293315,0
4,181.51963188022836,1,51.44628246317697,47,71.79787865641057,11.669640289173405,0
2,183.1657779887395,1,37.927066193640385,53,68.60740007890327,6.529854032745284,0
3,185.6109091668114,2,46.25365315765169,64,69.18223164722816,11.334025410714142,0
4,169.16190666087553,1,56.61398787431406,38,54.244070773369266,8.797128131784014,0
1,115.70985261808549,2,36.88742880862807,64,80.48495349193362,6.2611345039262725,0
1,199.00294596903288,1,48.68600829120203,87,36.4330340513437,12.424781275182017,0
4,115.60963820943937,2,48.157252669354925,89,88.87123263929578,8.783280479777865,0
3,159.079063957171,3,44.02663181337317,7,81.07821403578312,9.352957337546082,0
2,127.37172449941926,1,39.962104158960635,22,87.0715979974226,7.461295790546484,0
2,148.0758496022102,2,57.14797056894385,81,95.85524424422204,6.407346709340965,0
1,159.8628723091044,3,39.02431364233034,82,82.9819188250828,8.33562648935158,0
3,159.6407164635082,1,26.8796109887038,41,104.47357606482134,11.162927446966657,0
2,162.65762262705854,1,51.405335916310335,74,89.32918716428316,7.380680375628622,0
3,198.41133807175942,1,32.986966502321664,10,68.64309729775925,7.946497508851723,0
3,163.6060290454194,2,51.91881144855087,57,76.43433436781181,10.91265694395917,0
1,142.67530094128054,2,58.34903247843444,7,46.08063459874795,7.399346308391519,0
2,178.92261504865073,3,51.29749878398674,50,66.4671433929175,9.020552622338242,1
4,185.6841146677392,2,55.71411301887491,52,74.28505391099914,9.754701013479394,0
1,113.17176554589022,2,65.20049106929648,33,88.194104143365,7.606438102246034,0
2,167.92200209549574,1,54.66760462608947,1,68.74458457187283,8.619675186399846,0
2,171.03518226932695,1,48.305733926254355,53,61.30603979098354,9.322205555362347,0
2,141.07309489920024,1,61.339481835236484,60,51.687021454878106,7.198169612911746,1
2,191.2712043993486,1,62.54775544846585,34,71.05373722110022,9.631530329979986,0
2,145.4983323890242,1,62.6877178325942,4,109.26277703551895,6.906027833089122,0
3,153.76729360414626,1,40.078564848039974,17,84.0666055234555,6.649824842079018,0
1,144.8078452714839,1,31.459816415015958,4,94.09369118532769,4.9459178783590865,0
3,150.46737142744402,3,39.468078165651136,43,66.49918651003625,6.993075312197883,0
4,117.11174739314394,3,52.036416157931754,4,56.398253598466724,6.368994596259558,0
2,106.79847352217118,3,46.591589453321056,1,61.683838038678985,7.198252087490052,0
1,197.83515189674915,3,42.93519014823153,71,78.54303336263544,9.223985263828977,0
2,124.59115955045016,1,50.60481398804936,50,50.08806734781115,4.548651493249794,1
1,120.25822951631079,3,30.291949183267327,73,64.90114375385343,4.050658210825784,1
3,85.39829659188855,1,46.41169298691541,61,71.2045897104306,6.5018415666974345,0
1,130.83114756931494,3,56.184576448478765,35,60.18612040905049,8.922460987173315,0
4,110.30730619777505,2,50.49315644558229,8,48.14475474012756,8.577729894039372,0
4,199.26045480409107,3,51.918098218337285,24,84.34480547314637,6.469875334178148,0
1,180.294512680279,3,60.973727899525144,83,80.68807167326847,10.338816464312924,0
1,129.3554896446683,1,44.338567151263334,36,91.68544801445194,6.683180129763318,0
1,217.57307416032927,3,38.469083386496635,50,63.34361376121336,8.924907972254253,0
1,179.45296460974782,2,56.89515042665042,43,91.39884114571207,7.274427344931656,0
4,140.25505849474132,1,56.71120631033927,27,102.93956291730328,6.262447298012688,0
2,75.01782855379281,1,50.58291674755797,32,83.93322098355283,6.789866423770521,0
1,218.72827717772225,3,43.39628999417552,78,70.85095558330009,9.468000769627116,0
1,108.31282599709212,1,45.01379651007985,18,82.17620974263866,8.72205029028551,0
4,100.63803759129325,1,32.23227047868913,28,70.13318916056635,9.936205327553086,0
4,180.6771129602892,1,56.12946530207203,29,67.63574663481873,8.721972165074163,0
3,223.19257219017817,1,55.776513095291435,16,90.24890584254989,4.7776610736515615,0
1,191.52818455531553,1,31.88317249533216,47,77.91424520319202,12.228829668617585,0
3,166.9172736015708,1,53.67632083906136,59,98.07643480175044,8.750338028116937,0
4,167.84263024995857,2,49.041016550090085,31,73.36365516134644,9.029343108776459,0
4,175.60246676340924,3,34.780258896092036,4,74.88238128994983,7.246324641006879,0
2,172.76785769360296,2,32.939997989275305,37,71.50233507152792,10.226356586601415,0
1,158.43574271908128,1,48.734932694017225,17,63.197248419691924,5.813784878799757,0
3,153.12603311855628,1,41.02295886093082,39,92.21637347924886,9.219658155326986,0
4,148.12220616301434,3,63.1994885054967,48,112.78567496921232,3.8407334355059213,0
4,127.38106233399971,2,54.52598394648906,46,74.26659142150773,9.354417042700367,0
3,141.57974769399678,3,49.73693136732227,48,69.79256084487491,5.840899176721141,0
2,99.21129557413843,2,50.23079004002395,39,68.82014774439364,8.553989040854251,0
4,147.0498111961575,1,58.30867180367167,4,69.8040015859943,10.71468093349235,0
1,120.34226678547248,3,53.46518091727338,30,104.74675529361203,9.645434749000877,0
4,116.89232048352687,3,49.997664384960224,30,69.22279220360163,10.448763340235123,0
1,155.39682453460435,1,35.197388237024896,22,71.2209979866569,10.241696887295618,0
3,191.760068590338,3,75.61946965406219,75,61.39468621773542,6.951434514180242,1
1,177.5494981800694,2,33.96817242691767,66,84.40473160794606,9.196660347615708,0
3,102.88498189130469,2,41.87457262899836,12,78.9915565677352,4.55016620811638,0
1,120.31115590288988,2,28.452717235900025,36,62.9423183629616,6.626127164111498,0
3,178.22313563964647,2,50.38798158769262,18,66.60755604022881,10.785309776568102,0
1,120.52537819385071,1,46.511104372848074,53,102.99400055803336,7.229926395147558,0
2,143.26100550008925,3,52.6527643836476,71,80.49061634403152,4.263996226658513,0
1,166.50156297073656,2,27.60934368895566,1,81.52528093170946,12.027397834662715,0
1,120.94966635409094,1,56.129056673809316,58,81.58480737539092,9.124500566339439,0
2,153.1612651843788,3,36.92564598530385,87,100.91938082316764,9.52895644061158,0
4,109.97923515245387,3,43.50994800636135,6,64.32178456518935,6.039060930156205,0
4,131.9589706814636,1,54.31571268681064,70,74.05406719735318,8.56811314105974,0
1,159.59345802427612,1,47.612666841319,44,77.46552190006234,8.51514994177839,0
2,102.21018799404993,2,48.31942556666864,72,54.18236262065413,6.35703028675265,0
1,163.21424213881198,3,52.99178819905399,24,66.25787725127985,7.660360628953683,0
3,149.41086603219955,3,49.28790639938724,86,95.70012240921406,4.999064574433964,0
3,166.57469863251444,1,41.588920974512824,19,91.40320244495176,7.306580934247997,0
1,156.71742402193985,3,43.33530871764771,18,94.05600312653047,9.947692514519638,0
4,190.92421289921532,2,47.11878678651823,30,71.16364666202898,6.50630348201583,0
4,153.75673507943722,3,36.044439064536654,42,73.01457139821746,11.814595672853107,0
1,137.1178337662424,1,54.9600865938867,33,53.17901757442951,5.127816974929887,0
1,153.66892509096851,1,47.88653930807484,74,93.97901813474465,7.479649300408812,0
3,166.29894087109165,2,45.74776267921968,12,96.44978403149145,6.687140072771749,0
4,151.46580210977112,2,56.92496559031471,27,96.25881449803413,7.639638337254262,0
1,151.21775073611647,3,43.7988635678863,39,104.0613688021586,10.742949564281846,0
3,128.94024936579734,3,43.17579002847583,9,86.33162890234858,6.031089007071806,0
4,130.11297247347156,1,40.15371235996036,21,103.35322754820038,7.09745893814094,0
2,107.92184184600919,2,48.43067008925935,76,76.99288086263182,9.309011505446279,0
3,202.48730229560817,2,48.084501083315146,29,53.49484452491674,8.186317559835304,0
4,112.68410293826145,2,38.337157994900934,33,92.91087015860177,8.350349898618006,0
4,129.21284406612278,3,43.223060228866,62,52.941663109869566,6.069447320800885,1
3,128.44778203292407,2,38.40397731480767,15,82.55303074240048,7.856833056795006,0
2,176.84773130833324,1,37.9513154618451,2,94.32985703186384,10.263156903079047,0
3,141.15150965123917,1,27.70102168273153,52,84.86388194052796,4.780958033838042,0
4,187.432262180212,3,42.69089746318445,44,114.17364605873414,6.605381698601946,0
1,129.79528127268395,3,27.977867339199886,54,50.51106508779533,4.368916740949327,1
1,158.36982486671405,2,40.37184313660489,18,78.75708991196127,9.073951393887482,0
3,124.93958840220728,3,38.87305354122392,3,80.26183197878984,10.45094109062894,0
4,214.35447383320167,1,55.51895057265604,7,59.8384577572638,7.633180025415914,0
1,114.37204742911462,2,34.85065193690358,43,62.69400813913572,5.988959970969406,0
4,159.29462130681082,1,37.38813615185524,82,67.323070837601,6.0475070970909295,0
3,169.01330642796296,2,41.18475860808427,38,63.505290589261065,7.405885584254515,0
1,162.41397292354495,3,39.19856348497224,37,78.38008024754198,7.3982559092169495,0
4,144.44137023366875,2,58.69254797421876,58,70.9555264977176,9.823663557026741,0
1,146.10537900799721,2,33.614326269503806,33,84.76862576143513,6.662247931113974,0
3,151.3143441593733,1,41.20595501014158,59,89.74145699304594,8.87015667637172,0
4,145.58993995114534,1,48.32065249164407,11,88.72668439578334,7.3890599415042635,0
1,178.9163735038473,2,53.811833430420066,68,73.84810632222866,6.510486089520326,0
3,216.31569004774053,3,41.197584440697966,82,84.26713444196709,7.339247873318045,0
1,133.275246449765,3,25.819003994962074,68,95.526933742651,8.67307676374196,0
1,108.90591061262766,1,43.49895778414495,88,86.68346871916235,9.829866779763405,0
2,147.35153854946236,3,58.52028476180715,22,107.8846654166513,7.496053625683021,0
2,227.39128012962954,1,47.82187407430427,66,94.73268480150031,5.59212373840446,0
3,125.88976296090807,3,47.36417862359933,44,105.77610608972692,9.999429606530882,0
2,199.17350416332204,2,34.369820084230035,6,42.61485308104903,6.203661233695771,0
3,200.3310244222932,1,33.343284097113354,42,81.45014181710349,8.521646335355065,0
2,133.39235274876017,1,45.180416486340995,25,75.14101248571673,7.950334664592491,0
1,167.06949237555827,2,30.73621077718592,57,78.12530404528677,7.682859815307562,0
3,198.85189869385613,1,52.8136222236251,85,67.92560869843791,7.0260473996239865,1
3,138.6261677703754,3,36.53353751133638,55,85.94299100576269,9.240297560830928,0
1,143.89258919692915,3,44.75342719268506,16,52.87465351373881,0.8358747850249779,0
3,132.5495725815407,1,26.14233081245758,14,86.05155294306937,10.272941016734075,0
3,119.557298079214,3,41.061981315564935,39,68.42433169729189,6.174984451211929,0
2,130.52167364801977,1,33.14139452869797,28,72.49420864819349,8.815913819501295,0
3,113.2817919971323,2,21.780435826581893,51,86.57752654348607,8.710051235869857,0
4,151.02250404777678,1,50.41842089336318,49,81.181665917995,10.549954764041637,0
1,126.90080306824075,2,61.411595390915735,9,95.8088136710968,8.39549827107614,0
2,157.01357735372244,3,56.294735893439466,58,65.45744741231016,6.341781638731909,1
2,103.32313061389118,2,51.816906899038045,45,78.7894152167431,4.790490024178062,0
4,159.92640696643372,3,40.85878832054454,22,93.33159675516727,7.302393690254051,0
1,175.00586884826774,1,53.05890228547826,32,85.41799615627097,4.083649142233975,0
1,90.18793072285634,3,57.23853198573728,69,86.38391380194194,6.743028587378489,1
2,161.22169709542717,1,46.36821829671293,87,96.6206428757485,7.414738759339589,0
3,186.83006977419876,1,33.15639827687977,69,73.90636326695709,6.620168043942151,0
2,113.71076943926383,2,40.00615701408629,42,70.74753684316593,8.083547314729824,0
1,200.1771716051311,2,62.026964883479366,53,88.63856655398504,7.527791978161584,0
4,162.57057028098134,2,44.25255831849834,59,77.75852770983366,7.344626917342437,0
2,128.84964432724774,2,11.752442800889035,74,96.83305351546574,3.1516987659253886,0
1,148.32692767026882,3,30.310765363298064,39,85.54660155672585,5.410589638628902,0
2,166.74980737565167,3,40.75551296857519,15,70.64973979564607,9.285313463709752,0
3,152.28016174237234,3,55.358252384175685,71,85.07576040216713,9.60851254589489,0
2,166.16267977339106,1,42.26877647593088,29,66.459505036662,4.322446564042009,0
2,122.379792207619,3,55.5443165497326,3,94.20392702535585,6.3705636375317365,0
1,155.08082472108234,3,39.73837646452511,83,59.04271540177773,10.143930735198254,0
1,107.58856509285059,3,25.35707477764387,10,98.33097911294277,6.563922373189702,0
1,146.66321815953899,2,40.08438841401915,29,84.81314766776866,7.777018425749776,0
2,122.8827707560563,3,48.44945001546285,79,77.5315854556599,10.883610658031817,1
3,127.934101722307,1,47.619503493413134,35,91.45001226400815,7.276845377113212,0
4,187.08279525631312,2,32.44892250743364,6,87.66989966243533,6.990561179625768,0
4,182.73930361782806,1,41.48803798196235,12,99.95572528487091,7.685926618814741,0
1,168.27414362721532,3,71.84674238064073,38,99.815926075302,11.706821595799656,0
1,117.23061705982263,2,32.667311737031234,77,85.28435666249429,8.89240367257896,0
2,140.50774650915594,1,51.607233944637485,19,66.92343967937634,8.038163255559535,0
4,186.3929309993755,3,24.033243014302045,67,71.87736499330639,6.9512800886368336,0
1,154.25150740919713,1,53.63791824569662,8,78.92529671282527,9.077633856362246,0
3,219.5798861994508,1,36.076746098115535,8,96.22582541592641,9.319399539861596,0
3,161.79953518183115,1,49.0208825820294,84,73.15420307993787,5.8536429810490604,0
1,155.76147349470094,3,32.08474398231799,47,74.40589219354796,9.37325638389232,0
1,140.72650607392495,3,47.908528001767074,4,107.72525943901141,7.697695426753139,0
4,154.00622714346846,1,35.91349704258562,51,78.4355223293341,8.049597269257214,0
4,145.42590490858368,2,37.849518170333745,85,70.47902164600092,6.231421994023363,0
2,171.2432603006577,2,49.41986006395031,67,91.64969042591221,7.20003594434218,0
4,178.70106950383752,3,40.696145236029835,45,79.15798575560623,5.939715469554342,0
3,126.42031618476152,3,48.80381448216311,8,59.15601254849652,5.8435636597673986,0
3,110.06301139326666,3,43.091586813566494,87,95.61371124211061,8.75418044085356,1
1,94.91383880690111,3,45.67493681247275,16,68.79441018951088,7.289766869113783,0
4,165.2397398073763,3,49.45086471353402,77,80.65378397584364,5.400724660275168,0
2,116.89900181478379,2,41.49981545408859,67,78.97791329318966,12.354105294976751,0
3,85.41328221142551,3,35.03950213998226,9,83.45151760204794,5.750689921368127,0
3,161.65735813592892,1,39.6768773407021,60,47.133888911530036,10.184205922038668,0
2,224.78998552298373,1,56.951391798334356,78,74.97350781801148,5.0470727167563965,0
2,149.8178726538032,2,46.1617308407655,77,96.87255590173552,8.91300467033559,0
3,175.15472323354925,1,36.55101546589526,71,98.9816827983748,7.4988792627626175,0
3,152.45488075642695,2,49.01560608387719,15,65.13064427539518,6.74188653728319,0
2,147.03331040426573,2,49.68315584939138,71,93.80897364067724,8.393484647531412,0
3,177.57229448963307,1,50.19999075797811,41,68.57855368361624,8.124519712658664,1
1,141.29176367434047,3,35.22162799628714,22,74.38201610919074,6.37506963263591,0
1,158.0217694221571,1,38.17609005714105,24,75.17023450311123,6.284522238426,0
2,159.6509341858804,1,38.231707836129885,44,81.63205564558112,4.852171576011198,0
4,129.95728639070853,2,41.393520879338084,1,95.02049684436294,8.611128768714103,0
2,179.7612704860957,1,50.389191851437346,10,83.96876804043667,5.492390345799983,0
2,144.75120729913775,2,47.961848047310134,80,78.10802359514233,8.007949913034365,0
4,127.32764521521466,3,48.75216957157163,72,94.50966849557324,9.184955968241432,1
4,166.0952953071121,3,58.54019142371523,56,67.96007914649428,8.416110063648109,1
4,123.04596054626889,3,51.8889093249163,89,78.84173834798075,6.553737403965483,1
1,150.84543472107384,1,43.58198375003913,50,94.93671842566293,9.817624822699937,0
3,149.7264301006739,2,33.161148239475004,12,87.9395931768586,7.184057043797494,0
1,182.57686697494734,3,37.854529915291295,89,73.00544033832631,5.331678481990018,0
3,164.24094698639857,2,42.38294932321773,81,57.305648500995986,7.432544991093445,0
1,149.24919123764568,2,53.291298273361136,60,84.66287286192217,9.173594755969452,0
3,174.53298897600862,3,44.72668065893907,26,56.31987197145516,6.651171371179746,0
1,191.7062264705194,3,38.43804045111557,78,76.81247952963253,9.756364829940608,0
4,166.73430919055588,2,37.67107114272774,41,97.68422598855001,6.459347869564699,0
2,150.31057859530142,3,44.30421791078774,36,88.95137969452774,6.731573612628946,0
1,110.64491302949521,2,53.899875622170995,23,49.645190329817495,5.907841968293495,0
3,118.04659010773882,2,60.91019305775117,43,83.00677256510475,9.367419073816059,0
4,140.84325886935997,3,42.942314019703325,6,75.21245128096109,7.893514859821595,0
1,131.7146339352215,1,44.55256819237402,69,60.89423898911826,6.040476104512051,0
1,144.39086091043663,3,32.86058293842617,43,85.02531943703154,7.207579315437793,0
4,151.6994977469132,1,64.39192569099467,25,72.62393226813909,1.8576980242019445,0
1,165.89078263070192,2,30.98997161843916,18,72.71698942040753,9.555944726933287,0
2,147.88503665822725,2,56.716623117805504,62,81.86067677640081,7.658506721003385,0
1,164.59504931478605,1,41.3466404698753,13,70.61173203647773,3.1875236979802057,0
2,151.9342324443036,2,39.00633506159681,43,81.43603750799845,5.086637117351836,0
2,90.73600300938386,1,33.89996428114073,78,71.10012665555098,7.156811874884793,0
4,121.81993818543737,1,69.10048649407133,28,71.92307809066187,5.371658481790326,0
1,145.67737332835154,2,47.21491623278394,18,94.89394653943292,9.586698647372117,0
4,113.70915771476677,1,45.21280437104063,59,96.42007454570415,8.837145771982309,0
1,167.99786189988615,3,53.86732359554543,60,54.37018629286062,8.719071887035739,1
1,195.92252497031092,3,38.49167274370037,63,91.20609265769829,2.7913061295705903,0
3,186.5628555509195,2,45.018459552310055,57,100.97886506939159,6.949083171586212,0
1,143.59671387209377,2,45.56336286812121,51,103.36065226105364,6.604767098781887,0
4,194.72178410549856,1,39.87854267651867,56,87.80569588827679,6.091891091790824,0
2,154.46002371606335,1,56.99638079185914,27,64.13903213384154,7.169649437672576,0
1,139.88742086645883,1,42.81345588504096,32,89.44971260521302,5.747523585827874,0
3,131.59792009377182,1,29.468679466311706,9,66.96121467176125,8.430441465900437,0
4,140.92590940535615,3,41.98502636479126,84,74.85552250765019,9.533102708675543,0
1,138.35469544376315,3,47.49178671713897,68,85.74623235567228,9.360767476847343,0
4,155.11248667126463,2,36.06506766112392,46,67.92860980071892,7.724177496577039,0
3,154.81721943149594,1,36.85405206829561,67,62.80399539923323,11.998479392667004,0
3,150.09138060460242,1,39.537409618739595,26,86.98659977736234,10.27995022900102,0
4,163.1081450923905,2,57.21235660066961,8,108.00836306468473,7.796883592654897,0
1,185.71938824359023,1,40.12841977354294,6,98.64851495719196,7.0354555795969675,0
2,178.4866240632397,1,59.29117018551031,80,90.60779277575142,10.676054325563841,0
3,105.45306094650289,1,38.850495618516646,24,94.68778153384599,10.015161365525467,0
1,73.38236595294136,1,48.25014136256542,48,89.56579245772875,5.17914559235154,0
1,178.02959733717822,1,40.53757325780249,45,86.7485034411409,10.171642638457492,0
2,108.99363904753736,2,52.54083170290472,13,93.4792675939797,7.691252930552142,0
3,143.2570379432195,1,33.81725845434721,69,59.47455361918966,6.278176938813283,0
3,114.89660921821921,2,52.42859479577231,25,82.9922794916437,4.041588281518674,0
1,95.94058687259941,1,46.13869400309684,20,78.78577690634235,7.462167610604397,0
1,166.24388184614364,3,38.60008183222551,82,81.18354246716845,7.97554482956015,0
2,172.7746548090794,3,43.33778515289849,82,73.07941677879816,11.174655308220435,0
2,132.70468797819842,3,60.33854941032175,66,87.80731767161348,9.914467615497372,0
3,72.26873123565271,3,46.37844504880783,74,67.7310798546859,6.834226557247931,1
4,133.6126665524255,2,37.97271984087361,45,71.99217605911949,8.778684788439474,0
3,161.7541201620764,2,32.95306717171887,47,70.1918012952185,9.652498845345647,0
1,105.63265293677614,1,50.054042734309974,63,92.95919955904803,8.17191477603443,0
3,155.50079759337467,3,46.958452470106856,76,79.8241474518621,6.825691681937592,0
4,149.54070452481014,2,51.95020695088223,77,73.08751490304856,6.935655087513108,0
2,167.37874498803265,1,30.377752603101577,55,74.39855457475728,8.770946140913905,0
4,153.58741105242459,1,33.277395471085,75,80.0582092502061,8.825961131050095,0
4,120.80793177355334,2,56.468791992518995,19,104.33262378304781,7.414090768472911,0
4,185.89714504993475,3,48.3134164677934,35,61.45219495479992,2.7616955898933213,0
2,145.2441128091909,1,50.33400851237562,53,90.13264996519678,5.418954545417419,0
4,149.18086381470204,3,35.37312967892046,26,87.07793507046512,9.239377843224224,0
4,122.00196122780412,3,35.190128016710815,14,66.75551902329836,3.7383240052882485,0
4,136.70153246425468,3,54.912586581920884,45,102.0030993523203,10.36836203273443,0
1,123.45591857919297,1,55.38377654765149,44,88.08920676321014,10.072314522277008,0
4,144.81161820229732,3,34.11680512970946,88,72.38400045155365,8.082192763866411,0
2,201.35125440427032,1,32.20629504147155,65,52.1088001108061,9.195862068457215,0
4,108.84296571205931,3,43.91407029287556,51,83.43720251748668,9.057549356717772,1
4,101.59315806369776,1,37.00651546623994,43,79.32881622866026,7.7662537432675744,0
2,194.13510982480824,3,36.79823120953974,86,64.53930603100821,5.25222176482286,0
4,143.72028968544402,2,32.48621753572607,23,64.34578384796545,9.934545950123372,0
2,129.9278178402025,3,40.31566151719633,56,93.02764800679257,10.81446002276727,1
4,181.19714062188228,3,33.45305257367134,19,50.664576390185076,5.582818951515316,0
2,131.83153380789406,1,34.045990969907635,82,84.71424132609555,5.177489989660601,0
4,204.78029140640808,1,47.983918465663045,76,77.18844537033708,7.726406190485318,0
4,170.33777614017808,3,44.448017657126236,55,87.45732242530158,6.7475508087271,0
1,135.36265775562893,2,49.84878681532132,60,75.58542485209698,8.289898480410919,0
1,214.7192463979651,2,28.509665646506935,59,84.39912447890472,10.415988079720773,0
4,131.82855230989986,1,45.09880609829763,33,68.85837733206937,3.5086591234550086,0
4,172.26286116027921,2,65.75637542165838,19,79.26192625739947,11.162543903238308,0
3,158.97877741219475,3,41.27727515714401,28,87.33625817226114,7.1866631162461605,0
